Id,Class
yingyongbao_02184E7EBC32E0F964C4F956787A29DC,0
yingyongbao_023C9CBE2AFC17C2396762FCE9005EDF,0
yingyongbao_02FFCBE831FE2AE2414F0BAAF023C005,0
yingyongbao_0334EBAA797A397CE1A6AC4B97083C7B,0
yingyongbao_03AF3D3E4C96C9D1ACAFED4225524ADA,0
yingyongbao_0423E321CC97F4BB5740FF2A22E0C611,0
yingyongbao_048572D7B745E820317C63BC30656B4C,0
yingyongbao_05F061BC881E55AE93F2CDE426034BFC,0
yingyongbao_0621EDDFD6C007FFC6E08E0759D0AC03,0
yingyongbao_067F927790FD7A7916CA32F9905AB417,0
yingyongbao_07CCDF1D0D94E0CF1F174FF619278EF9,0
yingyongbao_0ACC2CD8FDF204060F4862E93C1B7BA0,0
yingyongbao_0D2711DD4BD1F30D9AD62256A0F257E1,0
yingyongbao_0DC7324ADA938C509F9E764B9EE5998B,0
yingyongbao_0F3B19DFFF058686FCC78F0634F68C3B,0
yingyongbao_0F4EDD3DA387A49410A73416FE0CD6F0,0
yingyongbao_10515F0D29E87B15273C4B74448F655A,0
yingyongbao_1101D20FDF0ACFB04134816BE811313C,0
yingyongbao_1186C1C2D1B9389E578EAA2327C95560,0
yingyongbao_12D82B811EF228D0E30CE97E820DB7AE,0
yingyongbao_16BAA69E4ECF04BAB81E6D67843E64B3,0
yingyongbao_16EC3F95181A72DF98D4BCC56F108049,0
yingyongbao_18367621F392BF9AAA49AC4F2BAE2F18,0
